[
    {
        "text": "With the exception of a smaller notch, the iPhone 13 doesn't seem very new at first glance, but when you start using this flagship, you start to appreciate a bunch of welcome upgrades.",
        "start": 370,
        "end": 9082,
        "sentiment": "POSITIVE",
        "confidence": 0.9713384509086609,
        "speaker": null
    },
    {
        "text": "The new iPhones display is brighter than before, the battery life is longer, and Apple has improved an already great game camera system with better sensors and features like cinematic mode that make you feel like a pro even on a non pro phone.",
        "start": 9226,
        "end": 21462,
        "sentiment": "POSITIVE",
        "confidence": 0.9772546291351318,
        "speaker": null
    },
    {
        "text": "Still, there are some flaws here.",
        "start": 21596,
        "end": 23250,
        "sentiment": "NEGATIVE",
        "confidence": 0.6381384134292603,
        "speaker": null
    },
    {
        "text": "Here's the Pros and cons in my iPhone 13 review.",
        "start": 23360,
        "end": 26780,
        "sentiment": "NEUTRAL",
        "confidence": 0.7499386668205261,
        "speaker": null
    },
    {
        "text": "There's really two notable design changes for the iPhone 13.",
        "start": 27350,
        "end": 30118,
        "sentiment": "POSITIVE",
        "confidence": 0.8534098863601685,
        "speaker": null
    },
    {
        "text": "First, the rear cameras are now arranged diagonally instead of vertically, and the notch is now 20% smaller.",
        "start": 30214,
        "end": 35746,
        "sentiment": "NEUTRAL",
        "confidence": 0.7851952314376831,
        "speaker": null
    },
    {
        "text": "I appreciated the mini notch when using apps with the white background, such as Safari and Gmail.",
        "start": 35878,
        "end": 40762,
        "sentiment": "POSITIVE",
        "confidence": 0.9176777601242065,
        "speaker": null
    },
    {
        "text": "However, it still swoops down.",
        "start": 40846,
        "end": 42726,
        "sentiment": "NEUTRAL",
        "confidence": 0.736538827419281,
        "speaker": null
    },
    {
        "text": "The button placement is slightly different on the iPhone 13 versus iPhone Twelve, such as the power button being lower.",
        "start": 42908,
        "end": 48522,
        "sentiment": "NEUTRAL",
        "confidence": 0.8457890152931213,
        "speaker": null
    },
    {
        "text": "Otherwise, you get the same thing as before ceramic shield display up front, durable glass back, and flat edges.",
        "start": 48596,
        "end": 54778,
        "sentiment": "NEUTRAL",
        "confidence": 0.7579075694084167,
        "speaker": null
    },
    {
        "text": "Unfortunately, the iPhone 13 doesn't offer Touch ID, an upgrade many of us would have appreciated.",
        "start": 54934,
        "end": 60046,
        "sentiment": "NEGATIVE",
        "confidence": 0.453982949256897,
        "speaker": null
    },
    {
        "text": "Since Face ID doesn't work well with mass, a sensor embedded in the power button like the iPad Mini Six would have been just fine.",
        "start": 60118,
        "end": 67314,
        "sentiment": "NEUTRAL",
        "confidence": 0.533276379108429,
        "speaker": null
    },
    {
        "text": "The bad news is that the iPhone 13 doesn't offer the 120 Hz refresh rate of the iPhone 13 Pro, which would have been nice for smoother scrolling and overall performance.",
        "start": 67472,
        "end": 76366,
        "sentiment": "NEGATIVE",
        "confidence": 0.4499838650226593,
        "speaker": null
    },
    {
        "text": "But you do get a brighter display than the iPhone twelve, which helps most when you're outdoors.",
        "start": 76498,
        "end": 81586,
        "sentiment": "POSITIVE",
        "confidence": 0.9162416458129883,
        "speaker": null
    },
    {
        "text": "We measured 795 nets of brightness, compared to 569 for last year's iPhone and 702 for the Galaxy S 21.",
        "start": 81718,
        "end": 89754,
        "sentiment": "NEUTRAL",
        "confidence": 0.5288670659065247,
        "speaker": null
    },
    {
        "text": "The overall display quality continues to be stellar, with great colors, contrast and viewing angles.",
        "start": 89912,
        "end": 95698,
        "sentiment": "POSITIVE",
        "confidence": 0.9815881252288818,
        "speaker": null
    },
    {
        "text": "When watching the trailer for The Matrix Resurrections, I could make out individual hairs on Neo's beard as he stared up into the sun, and I could almost feel the punch he delivered to the new Morpheus.",
        "start": 95854,
        "end": 106650,
        "sentiment": "NEUTRAL",
        "confidence": 0.7407410740852356,
        "speaker": null
    },
    {
        "text": "The iPhone 13 cameras get a number of key upgrades.",
        "start": 107150,
        "end": 110062,
        "sentiment": "POSITIVE",
        "confidence": 0.8331774473190308,
        "speaker": null
    },
    {
        "text": "This includes a main camera that lets in more light, an ultra wide camera that captures more scene, and an improved night mode.",
        "start": 110146,
        "end": 116878,
        "sentiment": "POSITIVE",
        "confidence": 0.7885133028030396,
        "speaker": null
    },
    {
        "text": "The overall image quality was top notch in my testing, complete with compelling portrait shots, plenty of detail and colorful ultra wide landscapes.",
        "start": 117034,
        "end": 125530,
        "sentiment": "POSITIVE",
        "confidence": 0.9683874845504761,
        "speaker": null
    },
    {
        "text": "If you want more control, you'll appreciate the Photographic Styles feature.",
        "start": 125710,
        "end": 129202,
        "sentiment": "NEUTRAL",
        "confidence": 0.6491402387619019,
        "speaker": null
    },
    {
        "text": "You can switch between multiple options in the camera app, including standard vibrant, rich, contrast, warm and cool.",
        "start": 129286,
        "end": 136266,
        "sentiment": "POSITIVE",
        "confidence": 0.6676361560821533,
        "speaker": null
    },
    {
        "text": "I put the iPhone 13 cameras up against Samsung's best, and the iPhone twelve, and the new iPhone fared quite well in this photo.",
        "start": 136448,
        "end": 143122,
        "sentiment": "POSITIVE",
        "confidence": 0.9085156917572021,
        "speaker": null
    },
    {
        "text": "Taken at a reservoir, you can see how superior the iPhone thirteen's camera is compared to the Galaxy S 21 Ultra.",
        "start": 143146,
        "end": 149338,
        "sentiment": "POSITIVE",
        "confidence": 0.8729413747787476,
        "speaker": null
    },
    {
        "text": "The water looks more translucent, and the iPhone 13 does a better job rendering the shadows around the wood.",
        "start": 149434,
        "end": 154786,
        "sentiment": "POSITIVE",
        "confidence": 0.9258265495300293,
        "speaker": null
    },
    {
        "text": "The iPhone 13 also delivered a better looking shot of these Halloween decorations.",
        "start": 154918,
        "end": 159046,
        "sentiment": "POSITIVE",
        "confidence": 0.9408524036407471,
        "speaker": null
    },
    {
        "text": "The sign looks more vibrant as do the surrounding reallife pumpkins.",
        "start": 159178,
        "end": 162874,
        "sentiment": "POSITIVE",
        "confidence": 0.9462752342224121,
        "speaker": null
    },
    {
        "text": "The S 21 Ultras pick is pretty sharp, but looks kind of flat in many shooting situations.",
        "start": 162982,
        "end": 168442,
        "sentiment": "POSITIVE",
        "confidence": 0.5404807925224304,
        "speaker": null
    },
    {
        "text": "The iPhone 13 was on a par with the iPhone twelve, but I did notice a market improvement in night mode.",
        "start": 168466,
        "end": 173938,
        "sentiment": "POSITIVE",
        "confidence": 0.9060447216033936,
        "speaker": null
    },
    {
        "text": "The iPhone 13 captures a brighter pink and the hydrangea flowers in the dark, and this candle shot looks crisper in very low light.",
        "start": 174034,
        "end": 181218,
        "sentiment": "POSITIVE",
        "confidence": 0.8981630802154541,
        "speaker": null
    },
    {
        "text": "With this selfie, the iPhone 13 delivers colors that are a bit too saturated, while the S 21 shot looks a bit hazy and washed out, so it's kind of a drop for me.",
        "start": 181364,
        "end": 191120,
        "sentiment": "NEUTRAL",
        "confidence": 0.4757264256477356,
        "speaker": null
    },
    {
        "text": "The iPhone 13 is the rare smartphone that can make you feel like a pro as you shoot videos, and that's thanks to a new feature called Cinematic Mode.",
        "start": 191930,
        "end": 198886,
        "sentiment": "POSITIVE",
        "confidence": 0.961600661277771,
        "speaker": null
    },
    {
        "text": "The effect brings depth of field to your footage and automatically changes the focus to various subjects.",
        "start": 198958,
        "end": 204022,
        "sentiment": "NEUTRAL",
        "confidence": 0.7180827856063843,
        "speaker": null
    },
    {
        "text": "It's almost like magic when recording a couple of dogs.",
        "start": 204106,
        "end": 207598,
        "sentiment": "POSITIVE",
        "confidence": 0.810951828956604,
        "speaker": null
    },
    {
        "text": "I was really impressed when the iPhone 13 placed the focus on the pup that was closest to me at first.",
        "start": 207634,
        "end": 212502,
        "sentiment": "POSITIVE",
        "confidence": 0.9806657433509827,
        "speaker": null
    },
    {
        "text": "You can also change the focus point manually by tapping the screen.",
        "start": 212636,
        "end": 216222,
        "sentiment": "NEUTRAL",
        "confidence": 0.8885435461997986,
        "speaker": null
    },
    {
        "text": "The bokeh effect on the background is also pretty convincing and immersive.",
        "start": 216356,
        "end": 220114,
        "sentiment": "POSITIVE",
        "confidence": 0.967531144618988,
        "speaker": null
    },
    {
        "text": "As you can see in this footage of me walking along a trail and in this clip of me trying to sneak a cookie, the iPhone 13 did a fairly good job deciding when to focus on me versus the plate.",
        "start": 220222,
        "end": 230974,
        "sentiment": "POSITIVE",
        "confidence": 0.8418933153152466,
        "speaker": null
    },
    {
        "text": "Cinematic Mode isn't perfect, as the iPhone 13 sometimes took a second to recognize faster moving subjects, and you can't do Cinematic mode in 4K, but overall it's a cool feature.",
        "start": 231142,
        "end": 241290,
        "sentiment": "POSITIVE",
        "confidence": 0.739893913269043,
        "speaker": null
    },
    {
        "text": "The video quality from the iPhone 13 is the best I've seen from a phone, with improved noise reduction and better dynamic range.",
        "start": 241790,
        "end": 248758,
        "sentiment": "POSITIVE",
        "confidence": 0.9810681939125061,
        "speaker": null
    },
    {
        "text": "This filthy vision HDR footage of waves lapping up against the sand is almost mesmerizing, and this sweeping landscape of the Battle of Mammothsite delivers a Crystal clear blue sky and lots of details in the clouds and surrounding trees.",
        "start": 248914,
        "end": 262710,
        "sentiment": "POSITIVE",
        "confidence": 0.9438332915306091,
        "speaker": null
    },
    {
        "text": "The A 15 Bionic inside the iPhone XIV doesn't offer a dramatic performance gain over the iPhone Twelve, but it's still the fastest chip in any phone in a game.",
        "start": 263630,
        "end": 271818,
        "sentiment": "POSITIVE",
        "confidence": 0.8297197818756104,
        "speaker": null
    },
    {
        "text": "Like Gentian Impact, the animations and effects felt console quality as I climbed mountains, swim through water, and tried to battle enemies.",
        "start": 271844,
        "end": 279358,
        "sentiment": "NEUTRAL",
        "confidence": 0.6295968890190125,
        "speaker": null
    },
    {
        "text": "I was equally impressed by the seat gap, which instantly identified plants when I pointed the camera around a nearby park.",
        "start": 279514,
        "end": 286354,
        "sentiment": "POSITIVE",
        "confidence": 0.8864355087280273,
        "speaker": null
    },
    {
        "text": "The iPhone 13 blows away Android phones on benchmarks like Geekbench Five and in graphics tests on three D Mark Wildlife, the new iPhone hit 55 nine frames per second.",
        "start": 286522,
        "end": 298170,
        "sentiment": "POSITIVE",
        "confidence": 0.9047859311103821,
        "speaker": null
    },
    {
        "text": "That's a bit higher than the iPhone Twelve at 51 FPS, but the Galaxy S 21 Ultra mustered only 33.",
        "start": 298340,
        "end": 305862,
        "sentiment": "NEUTRAL",
        "confidence": 0.5150642991065979,
        "speaker": null
    },
    {
        "text": "One of the best iPhone 13 upgrades is longer battery life thanks to a bigger battery, more efficient display, and the A 15 Bionic chip on the Times Guide battery test, which involves continuous five G web surfing, the iPhone 13 endured for 10 hours and 33 minutes.",
        "start": 306056,
        "end": 320550,
        "sentiment": "POSITIVE",
        "confidence": 0.9666282534599304,
        "speaker": null
    },
    {
        "text": "That's more than 2 hours longer than the 825 time from the iPhone twelve.",
        "start": 320660,
        "end": 325170,
        "sentiment": "NEUTRAL",
        "confidence": 0.623497724533081,
        "speaker": null
    },
    {
        "text": "The best result we saw from the Galaxy S 21 was 953.",
        "start": 325340,
        "end": 329370,
        "sentiment": "POSITIVE",
        "confidence": 0.9443984627723694,
        "speaker": null
    },
    {
        "text": "Unfortunately the iPhone 13 offers the same lame charging speeds as before.",
        "start": 329540,
        "end": 333774,
        "sentiment": "NEGATIVE",
        "confidence": 0.7531523108482361,
        "speaker": null
    },
    {
        "text": "The new iPhone got to 51% in 30 minutes with Apple's optional 20 Watt charger.",
        "start": 333932,
        "end": 340054,
        "sentiment": "POSITIVE",
        "confidence": 0.9403113722801208,
        "speaker": null
    },
    {
        "text": "Other phones are much speedier.",
        "start": 340222,
        "end": 342150,
        "sentiment": "POSITIVE",
        "confidence": 0.6014129519462585,
        "speaker": null
    },
    {
        "text": "The iPhone's 15 Watt MagSafe charger is even slower but some may find it more convenient because you don't have to deal with lightning.",
        "start": 342470,
        "end": 350770,
        "sentiment": "POSITIVE",
        "confidence": 0.6052224040031433,
        "speaker": null
    },
    {
        "text": "The iPhone 13 doesn't quite well like the iPhone 13 Pro and Pro Max which offer 120 Hz display, telephoto, Zoom and macrophotography but at 799 this is the best new iPhone for the money.",
        "start": 350950,
        "end": 363798,
        "sentiment": "POSITIVE",
        "confidence": 0.4751574397087097,
        "speaker": null
    },
    {
        "text": "The cameras are simply the best you'll find in this class and I especially like the longer battery life.",
        "start": 363944,
        "end": 369282,
        "sentiment": "POSITIVE",
        "confidence": 0.9813477993011475,
        "speaker": null
    },
    {
        "text": "I wouldn't recommend that iPhone twelve owners upgrade to the new iPhone but the iPhone 13 could be worth it if you own an iPhone eleven or older device.",
        "start": 369416,
        "end": 378454,
        "sentiment": "POSITIVE",
        "confidence": 0.7283997535705566,
        "speaker": null
    },
    {
        "text": "I'd like to see Apple offer faster charging next time around and the lack of touch ID is a bummer but overall the iPhone 13 is a fantastic phone for Tom's guide this is Martin Spoon hour.",
        "start": 378622,
        "end": 390480,
        "sentiment": "POSITIVE",
        "confidence": 0.8383842706680298,
        "speaker": null
    }
]